Token,Is medical,Possibly Medical
!,,
',,
'book,,
'mace,,
's,,
(,,
),,
*e,,
",",,
-,,
.,,
..,,
...,,
1,,
1-10,,
1-2,,
1-3,,
1-4,,
1-6,,
1-7,,
10,,
10-11,,
10-13,,
10-27,,
100-6,,
1020,,
104-105,,
104-106,,
104:27-28,,
105:12,,
106-111,,
106-133,,
108-9,,
109,,
109-111,,
10th,,
10th-11th,,
10th-century,,
11,,
11-12,,
11-14,,
1100,,
111-112,,
112-13,,
113,,
114-7,,
114:1,,
115,,
1158,,
116,,
116-121,,
117-119,,
119,,
119:165,,
11:5-11,,
11th,,
12,,
12-14,,
12-15,,
120,,
120-122,,
1200,,
121,,
121-123,,
121-22,,
1213-1233,,
122,,
123,,
124,,
124-126,,
125,,
126,,
126-130,,
129,,
129-130,,
12th,,
13,,
13-14,,
13-15,,
13-16,,
13-18,,
130,,
131,,
132,,
132-133,,
133,,
134,,
134-139,,
135,,
136-41,,
137,,
139,,
139-143,,
139-43,,
139:13,,
13th,,
14,,
14-15,,
140,,
141,,
142:6,,
149-150,,
149:1-150:4,,
14th,,
14th-century,,
15,,
15-16,,
15-17,,
1511,,
1517,,
152-153,,
1554,,
15th,,
16,,
16-17,,
16-18,,
16-19,,
16th,,
17,,
17-18,,
172,,
1751,,
179.136,,
179.138,,
17th,,
17th-18th,,
17th-century,,
18,,
183.327,,
1871,,
1874,,
1877,,
18th,,
19,,
19-20,,
19-21,,
1933,,
1937,,
1938,,
196,,
1961,,
1963,,
1964,,
1965,,
1974,,
1978,,
1984,,
1987,,
1994,,
1997,,
1:1,,
1:1-4,,
1:1-8,,
1:14,,
1:6,,
1r,,
1r-v,,
1st,,
1v,,
1v-2,,
1v-2v,,
2,,
2-,,
2-3,,
20,,
2009,,
201,,
203-204,,
204,,
207,,
21,,
21-23,,
211,,
211-215,,
216,,
216-256,,
217-218,,
22,,
22-24,,
22-28,,
22-29,,
221-223,,
222,,
23,,
23-24,,
23-25,,
23-25.,,
230-232,,
24,,
24-ii,,
240,,
240-242,,
244-247,,
248-249,,
24th,,
25,,
25-26,,
25-29,,
25-ii,,
26,,
26-27,,
267-272,,
27,,
27-29,,
27-30,,
27-35,,
27-40,,
278,,
28,,
28-31,,
288f,,
289-291,,
29,,
29-30,,
29-31,,
29-32,,
29-33,,
291,,
293-295,,
294,,
294-296,,
299-313,,
2nd,,
2r,,
2r-v,,
2v,,
3,,
3-6,,
3-7,,
30,,
30-31,,
301-304,,
302-303,,
302-304,,
304-305,,
30b,,
31,,
31-32,,
317,,
319-320,,
31:50-54,,
32,,
32-33,,
32-35,,
32-48,,
323,,
325,,
33,,
33-35,,
331,,
332,,
34-36,,
341,,
341-342,,
342-344,,
342-43,,
345,,
347,,
350-355,,
36-38,,
36-40,,
36-46,,
364-8,,
368-9,,
36:15,,
36:20-23,,
36:6-9,,
37-39,,
37:11,,
39,,
39-41,,
39-42,,
39-45,,
3:1,,
3:4,,
4,,
4-5,,
40,,
405,,
41,,
42,,
43-44,,
43-48,,
4472,,
45-46,,
46,,
46-47,,
47,,
47-48,,
48,,
48-49,,
48-50,,
48-51,,
49-55,,
4918,,
5,,
5-6,,
5-7,,
5.5-9,,
50,,
50-51,,
51,,
51-52,,
51-55,,
54,,
54-57,,
54-58,,
55,,
55-57,,
56,,
56-61,,
57,,
57-59,,
57-61,,
58-59,,
59,,
59-60,,
59:20-21,,
5:23-26,,
6,,
6-11,,
6-7,,
6-8,,
6.87,,
61,,
62,,
63-64,,
64,,
648,,
65,,
66,,
66-67,,
66-68,,
66-69,,
69-70,,
69-71,,
7,,
7-8,,
70,,
73,,
73-76,,
73-78,,
74,,
75-86,,
75ff,,
79-80,,
7:29,,
8,,
85,,
86-89,,
864,,
87-89,,
89:16-89:25,,
89:25-31,,
8th,,
9,,
9-10,,
9-11,,
90,,
90-91,,
90.72,,
913,,
93,,
93-94,,
932,,
94,,
96-100,,
96-97,,
96-99,,
97,,
9:3,,
9th,,
9th-century,,
:,,
;,,
=,,
1140,,
?,,
[,,
],,
a,,
aaron,,
abbasids,,
abbreviation,,
abbās,,
abcess,x,
abcesses,x,
abdomen,x,
abdominal,x,
able,,
abnormal,,
abnormality,,
abortifacient,,
abortion,x,
abortive,x,
about,,
above,,
abraham,,
abridged,,
abridgement,,
abrotanum,,
abscess,x,
absentmindedness,,
absinth,x,
absorption,x,
abundance,,
abī,,
abū,,
acacia,x,
accept,,
accident,x,
accompanied,,
accompany,,
according,,
account,,
accumulated,,
accumulation,,
ache,x,
acidity,x,
acne,x,
acorn,x,
acre,,
acrostic,,
act,,
action,,
active,,
activity,,
acute,,
ad,,
added,,
addendum,,
adding,,
addition,,
address,,
addressee,,
addressing,,
administered,,
administration,,
administrative,,
adult,x,
adulterated,,
advice,,
advised,,
advises,,
advising,,
aesculapius,,
affect,,
affected,,
affecting,,
affectis,,
afflicted,,
aforementioned,,
african,,
after,,
agains,,
against,,
agaric,,
age,,
aged,,
agent,,
agrees,,
aid,,
aiding,,
ailing,,
ailment,x,
aim,,
aimed,,
air,x,
aka,,
al-,,
al-adawiya,,
al-anbā,,
al-awwal,,
al-aḡḏiyah,,
al-aṭibbāʾ,,
al-bayān,,
al-bayṭār,,
al-bayṯar,,
al-bazzāz,,
al-baʿalbakī,,
al-baṣrī,,
al-burʾ,,
al-bīmārīstānī,,
al-darz,,
al-dawla,,
al-dimašqī,,
al-dustūr,,
al-dīn,,
al-fināʾ,,
al-hamdānī,,
al-hawī,,
al-insān,,
al-irshād,,
al-ishārāt,,
al-isrāʾilī,,
al-isrāʾīlī,,
al-iʿtidāl,,
al-iʿtimād,,
al-iḵtilājāt,,
al-jamīʿ,,
al-jawharī,,
al-jazzār,,
al-jāmiʿ,,
al-kadar,,
al-kaḥḥalīn,,
al-kaḥḥlīn,,
al-kaḥḥāl,,
al-kaḥḥālīn,,
al-kindī,,
al-kākinj,,
al-kāmil,,
al-lawz,,
al-ma,,
al-madḵal,,
al-majūsī,,
al-mamlūk,,
al-maqāla,,
al-masā,,
al-masāʾil,,
al-masʿūdī,,
al-maʾmūn,,
al-maʿrifa,,
al-maʿrūf,,
al-maʿārif,,
al-maḥalla,,
al-mirra,,
al-mudḵal,,
al-mufradāt,,
al-muršid,,
al-musāfir,,
al-mutaṭabbib,,
al-muʾminīn,,
al-muḡnī,,
al-māwardī,,
al-nafs,,
al-nafīs,,
al-našīlī,,
al-naʿīm,,
al-qanūn,,
al-qufāʿī,,
al-quwab,,
al-qādir,,
al-qārūrāh,,
al-qāsim,,
al-rašīd,,
al-raʾīs,,
al-raṣīfa,,
al-riḍā,,
al-rāzī,,
al-sawdāʾ,,
al-sināʿa,,
al-sumūm,,
al-tasrīf,,
al-taysīr,,
al-taṣrīf,,
al-tilmīḏ,,
al-tirmiḏī,,
al-umm,,
al-ummī,,
al-yahūdī,,
al-zahrāwī,,
al-šaykh,,
al-šayḵ,,
al-šuhrawardī,,
al-ʾasrār,,
al-ʿabd,,
al-ʿaṭṭār,,
al-ʿiṭr,,
al-ʿutruš,,
al-ʿuṣfūr,,
al-ḏahabī,,
al-ḡazz,,
al-ḥakīm,,
al-ḥarīrī,,
al-ḥasan,,
al-ḥikma,,
al-ḥummayāt,,
al-ḥāniyah,,
al-ḥāwī,,
al-ḥāḍir,,
al-ṣafā,,
al-ṣawm,,
al-ṣaydalānī,,
al-ṣinā,,
al-ṣināʿa,,
al-ṣināʿat,,
al-ṣāīḡ,,
al-ṣāʾiḡ,,
al-ṭabarī,,
al-ṭabīb,,
al-ṭibb,,
al-ṭibbiyya,,
al-ṯaʿlab,,
alarm,,
albeit,,
albulqašin,,
alchemical,x,
alchemist,x,
alcoholic,x,
alcoholism,x,
aldabi,,
aleppo,,
alexander,,
alexandria,,
alif,,
alignment,,
alimentation,,
alimentorum,,
alkekengi,,
all,,
allah,,
alleviated,,
alleviating,,
allow,,
allāh,,
almond,x,
almost,,
aloe,x,
aloe-wood,x,
along,,
alopecia,x,
alphabet,,
alphabetic,,
alphabetical,,
alphabetically,,
also,,
alteration,,
alternating,,
althea,,
alum,x,
alī,,
amber,x,
ambergris,x,
amenorrhoea,x,
ammonia,x,
ammoniac,x,
amnesia,x,
amomum,x,
among,,
amount,,
amulet,,
amīn,,
amīr,,
an,,
anachroid,,
anal,x,
analysis,,
anaphrodisiac,x,
anarcardium,x,
anasarca,x,
anatomical,x,
anatomy,x,
anchusa,x,
ancient,,
and,,
andara,,
andarani,,
andarānī,,
anemone,,
angel,,
anguish,x,
anima,x,
animal,x,
anise,x,
aniseed,x,
anorectal,x,
another,,
answer,,
anterior,x,
anthony,,
antihemorrhagic,x,
antimony,x,
antipyretic,x,
anus,x,
anxiety,x,
any,,
aperient,x,
aphasia,x,
aphorism,x,
aphrodisia,x,
aphrodisiac,x,
apoplexy,x,
apparatus,x,
apparent,,
apparently,,
appear,,
appearance,,
appears,,
appetite,x,
apple,x,
application,,
applied,,
apply,,
apprentice,,
approach,,
apricot,x,
ar,,
ar.30.31,,
ar.41.130,,
ar.41.138,,
ar.41.47,,
ar.41.66,,
ar.41.97,,
ar.42.49,,
ar.42.90,,
ar.42.99,,
ar.43.129,,
ar.43.151,,
ar.43.70,,
ar.44.11,,
arab,,
arabic,,
arachnoid,,
aramaic,,
archaic,,
archigenes,,
archiving,,
are,,
area,,
argilla,,
arguing,,
arise,,
aristolochia,,
aristotle,,
arm,,
armenian,,
armpit,x,
aromatic,,
around,,
arranged,,
arrive,,
arsenic,x,
art,,
artemisia,,
artery,,
asafoetida,x,
ascertain,,
ascetic,x,
ascites,x,
ash,x,
ask,,
asking,,
asks,,
asparagus,x,
ass,x,
assessment,x,
assistant,,
associated,,
associating,,
asthma,x,
astral,x,
astral-medicine,x,
astringent,x,
astro-medical,x,
astrological,x,
astrological-medical,x,
astrology,x,
at,,
atheroma,,
atonement,,
atrophy,x,
attack,,
attend,,
attractive,,
attributed,,
author,,
authored,,
authority,,
authorship,,
autograph,,
autumn,,
av,,
averroes,,
avicenna,,
avoid,,
avoiding,,
away,,
awud,,
ayyūb,,
azriel,,
aḥmad,,
b,,
b.,,
b.ʿabbās,,
baby,x,
babylonian,,
back,x,
backache,x,
bad,,
badly,,
badr,,
baghdad,,
bakhtīshū,,
baking,,
balance,x,
balanced,x,
balancing,x,
baldness,x,
balm,x,
balsam,x,
bamboo,x,
bandage,x,
bandaging,x,
banquet,,
barakāt,,
barcelona,,
barely,x,
bark,x,
barley,x,
barley-water,x,
barren,,
basal,x,
base,,
based,,
basic,,
basil,x,
basilius,x,
basmala,,x
basmalas,,x
bath,x,
bathing,x,
bayṭār,,
bdellium,,x
be,,
bean,x,
bear,x,
beautifying,x,
beauty,x,
became,,
because,,
bedwetting,x,
bee,x,
been,,
beet,x,
before,,
beget,,
begin,,
beginning,,
behave,,
behaviour,,
behen,,
behind,,
being,,
beirut,,
believed,,
belly,x,
belong,,
belonging,,
belongs,,
below,,
ben,,
beneath,,
beneficent,,
beneficial,,
benefit,,
benjamin,,
berakhot,,
berber,,
berberi,,
berberis,,
bernard,,
beryl,,
best,,
bet,,
betel,,
between,,
beverage,x,
bharūch,,
bible,,
biblical,,
bibliographical,,
bifolia,,
bifolium,,
bile,x,
bindweed,x,
bint,,
bird,x,
birth,x,
bishop,,
bite,x,
bitten,x,
bitter,,
bituminous,x,
biṣah,,
black,,
bladder,x,
bleed,x,
bleeding,x,
blepharitis,,x
blessing,,
blindness,x,
bloating,x,
blockage,x,
blocked,x,
blood,x,
blood-letting,x,
bloodletting,x,
bloodspots,x,
bloody,x,
blossom,x,
blue,,
blurred,x,
board,,
bodily,x,
body,x,
bohairic,,x
boil,x,
bold,,
bole,,
bone,x,
book,,
bookish,,
booklet,,
borage,,
borage-water,,x
borax,x,
border,,
born,x,
bos,,
both,,
bottle,,x
bottom,x,
bowel,x,
box,x,
box-thorn,x,
boy,x,
brain,x,
bran,x,
brassica,x,
brazilwood,x,
bread,x,
breakfast,x,
breast,x,
breast-feeding,x,
breast-related,x,
breath,x,
breathing,x,
brevis,,x
bride,,x
brief,,
brightening,,
bringing,,
broad,,
broken,x,
brother,,
brought,,
brown,,
bubo,x,
bucket,,
bulaq,,
bulimia,x,
bulāq,,
burn,x,
burning,x,
burnt,x,
business,,
but,,
butter,x,
buttock,x,
buṭlān,,
by,,
bā,,
bāb,,
bāʾ,,
būlāq,,
c.,,
ca,,
cabbage,x,
cadmia,x,
cadmium,x,
caesar,,
cairo,,
calculated,,
calculus,,
calendar,,
caliph,,
call,,
called,,
calm,,
calming,,
calx,,
camomile,x,
camphor,x,
can,,
canal,x,
cancer,x,
candy,x,
cannabis,x,
canon,,
cant,,
canthus,,x
capable,,
capacity,,
caraway,x,
cardamom,x,
cardamon,x,
cardinal,,
care,x,
caries,,
carminative,,
carnation,x,
carob,x,
carraway,x,
carried,,
carrot,x,
carthamus,,x
cartilage,x,
case,,
cassia,x,
cassis,,x
castor,x,
castoreum,x,
cat,x,
cataract,x,
catch,,
category,,
causation,,x
cause,,x
caused,,x
causing,,x
cauterisation,x,
cautery,,x
cava,,x
cavity,x,
ce,,
celery,x,
celery-water,x,
century,,
cephalic,,x
cerebral,x,
certain,,
ceruse,,x
cfr,,
ch,,
chalk,x,
challenged,,
chamomile,x,
chancery,,
change,,
chapter,,
character,,
characteres,,
characterise,,
characterised,,
characteristic,,
chart,,
chebulic,,x
checked,,
checking,,
cheese,x,
chemistry,,
chest,x,
chestnut,,
chewing,x,
chicken,x,
chickpea,x,
chicory,x,
child,x,
childbirth,x,
chin,x,
chinese,,
cholera,x,
choroid,,x
christian,,
chronic,x,
chyme,,
cicatrisation,,x
cimolia,,x
cinnabar,,x
cinnamon,x,
circle,,
circular,,
circulation,,
cissus,,x
cistus,,x
citation,,
cite,,
cited,,
citing,,
city,,
claiming,,
clarified,x,
classified,,
classifying,,
clay,x,
cleaning,x,
cleanse,x,
cleansing,x,
clear,,
clearly,,
climate,,
closing,,
closure,,
cloth,x,
clothing,,
clove,x,
coadjutant,,x
coal,x,
coan,,x
coarseness,,
coco-grass,x,
cocoon,x,
codex,,
coitus,x,
colchicum,,x
cold,x,
coldness,x,
colera,,x
colic,x,
collecting,,
collection,,
collyrium,,x
colocynth,,x
colophon,,x
colour,x,
column,,
coma,x,
combination,,
combined,,
combining,,
come,,
coming,,
commentary,,
commented,,
commerce,,
commissioner,,
commodity,,
common,,
commonly,,
community,,
compact,,
comparing,,
compendium,,
compiled,,
complains,,
complaint,,
complete,,
complex,,
complexion,,
complicated,,
complication,,
composed,,
composite,,
composition,,
compound,,
comprehensive,,
compress,,
comprises,,
comprising,,
concavity,,
concept,,
conception,,
concern,,
concerned,,
concerning,,
conclusion,,
concoction,,
concomitant,,
condition,x,
condolence,,
conduct,,
confection,,
confidence,,
configuration,,
confusion,,
congeal,,
congestion,,
congratulation,,
conium,x,
conjunctiva,x,
conjunctivitis,x,
connected,,
connecting,,
connection,,
consequence,,
consequent,,
conserve,,
considerable,,
consideration,,
considered,,
consingments,,
consisted,,
consistency,,
consisting,,
consists,,
constellation,,
constipation,,
constituent,,
constitutes,,
constitution,,
consultation,,
consuming,,
consumption,,
contain,,
contained,,
container,,
containing,,
contains,,
content,,
context,,
continuation,,
continues,,
contraception,x,
contraceptive,x,
contract,,
contracted,,
contrast,,
convolvulus,,x
convulsion,x,
cook,,
cooked,,
cooking,,
cool,x,
coolant,x,
cooling,x,
copied,,
copper,,
coptic,,
copy,,
copyist,,
coral,x,
cord,,
cordial,x,
coriander,x,
corn,x,
cornea,x,
corneal,x,
corner,,
corona,,x
corps,,
correct,,
correspondence,,
corresponding,,
corroborated,,
corrupt,x,
corrupted,x,
corruption,x,
cosmetic,x,
cost,,
costus,,
cotton,x,
couching,,
cough,x,
coughing,x,
could,,
course,,
court,,
cousin,,
cover,,
covered,,
covering,,
cow,x,
crack,x,
cracked,x,
cramp,x,
cream,x,
creation,,
cress,x,
crippled,x,
crisis,,
critical,,
crocus,x,
crop,,
crossed,,
cruder,,
crush,x,
crushed,x,
cry,,
crystal,,
crystalline,,
cubeb,,x
cubital,,x
cucumber,x,
cumin,x,
cupping,x,
curability,x,
curative,x,
curcuma,,x
cure,x,
cured,x,
curing,x,
curriculum,,
cut,x,
cutting,x,
cyclamen,x,
cyperus,,x
cypress,,x
cytinus,,x
d,,
d.,,
da,,
dairy,x,
damage,,
damaged,,
damaging,,
damascene,,
damascenus,,
damascus,,
danger,,
dangerous,,
daphne,,x
dared,,
dark,,
darmā,,
date,,
dated,,
datura,,
david,,
dawūd,,
day,,
daʿwat,,
de,,
dead,,
deadly,,
deafness,x,
deal,,
dealing,,
dealt,,
death,x,
debilitating,x,
debt,,
decay,x,
decorative,,
dedicated,,
deed,,
deemed,,
deeply,,
deficiency,,
deficient,,
defined,,
definition,,
deformed,x,
degree,,
delusion,x,
dental,x,
dentifrice,x,
dentist,x,
dentistry,x,
dependent,,
depending,,
depilatory,,x
depression,x,
derivation,,
derive,,
derived,,
derives,,
deriving,,
dermatitis,x,
dermatological,x,
dermatology,x,
descendant,,
describe,,
described,,
describes,,
describing,,
description,,
descriptive,,
desiccating,x,
desiccative,x,
desire,x,
dessert,,
detachment,,
detail,,
detailed,,
detailing,,
detection,,
develop,,
developed,,
development,,
develops,,
devoted,,
diabetes,x,
diagnosing,x,
diagnosis,x,
diagnostic,x,
diagnostics,x,
diagram,,
dialogical,,
diamond,x,
diaphoretic,,x
diarrhoea,x,
dictionary,,
didactic,x,
die,x,
died,x,
diet,x,
dietary,x,
dietetic,x,
dietetics,x,
difference,,
different,,
differentiis,,
differing,,
difficult,,
difficulty,,
digested,,
digestion,,
digestive,,
dilatation,,
dill,x,
dimness,x,
din,,
dioscorides,,
diphtheria,x,
dipping,,
direction,,
directive,,
director,,
dirham,,
disabled,,
disaster,,
discarded,,
discharge,,
disciple,,
discolouration,x,
discourse,,
discus,,
discussed,,
discussing,,
discussion,,
disease,x,
diseased,x,
dish,,
disintegration,x,
dislocation,x,
disorder,x,
dispensary,,
dispenses,,
dispositio,,
dispute,,
dissolution,,
dissolve,,
dissolved,,
distorted,,
distress,x,
disturbance,x,
diuretic,x,
divided,,
divination,x,
divinatory,x,
divorce,x,
do,,
doctor,x,
document,,
dodder,,x
doe,,
dog,x,
done,,
doodle,,
doronicum,,
dos,,
dosage,x,
dot,,
down,,
dowry,,
doxology,,
draft,,
dragon,x,
drawing,,
drawn,,
dream,,
dress,,
dressing,,
dried,,
drink,,
drinking,,
drive,,
drop,,
dropsy,,
drug,x,
druggist,x,
drugstore,x,
drunk,x,
drunkenness,x,
dry,,
drying,x,
dryness,x,
due,,
dura,,
duration,,
during,,
dye,,
dyeing,,
dying,x,
dysentry,x,
dysmenorrhea,x,
dyspnoea,x,
dysuria,x,
dā,,
dāniyāl,,
dāniāl,,
dār,,
dāwud,,
dāwūd,,
e.g,,
e.g.,,
each,,
ear,x,
earache,x,
eardrop,x,
earliest,,
early,,
ease,,
easily,,
east,,
eaten,,
eating,,
eclipse,,
ectropion,,x
eczema,x,
ed,,
edition,,
educational,,
effaced,,
effect,,
effective,x,
effectiveness,x,
efficacy,x,
egg,x,
egypt,,
egyptian,,
eighth,,
either,,
ejaculation,x,
ejaculation‫.‬,x,
el,,
elation,x,
elderly,x,
elecampane,,x
electuaries,,x
electuary,,x
elegant,,
elegantly,,
element,,
elephantiasis,,
elettaria,,
eleventh-century,,
eli,,
elimination,x,
elite,,
elixir,x,
elsewhere,,
elyaqim,,
elʿazar,,
embrocation,x,
embryo,x,
embryology,x,
emergence,,
emesis,,x
emetic,,x
emicrania,,x
emmenagogue,,x
employed,,
emuna,,x
encyclopaedia,,
end,,
ending,,
endive,,x
endive-water,,x
enema,x,
enemy,,
enhance,,
enhances,,
enhancing,,
enlargement,x,
enquiry,,
entered,,
entirely,,
entitled,,
entropion,,
entry,,
ephemeral,,
ephesus,,
ephraim,,
epidemic,x,
epilepsy,,
epiphora,,x
episode,,
epistaxis,,x
epistle,,
epistolary,,
epithelium,,
epitome,,
epizootic,,
equivalent,,
era,,
erased,,
erection,,
error,,
eruca,,x
eruption,x,
erysipelas,,x
essential,,
established,,
esther,,x
etc,,
ethic,,
ethical,,
euphorbia,,
europe,,
european,,
evacuated,,
evacuation,,
even,,
evening,,
event,,
everlasting,,
every,,
everything,,
evidence,,
evil,x,
examination,,
examined,,
examining,,
example,,
excess,x,
excessive,x,
excessively,x,
excommunication,,
excrement,x,
excretion,x,
exercise,x,
exhaustion,x,
exodus,,
exophthalmos,,
exotic,,
expanded,,
expectorant,,
expectorate,,
expectoration,,
expel,x,
expels,x,
expense,,
expert,,
explaining,,
explains,,
explicit,,
exposed,,
exposure,x,
expressed,,
expressing,,
expulsion,,
expulsive,,
extant,,
extended,,
extension,,
extensive,,
extensively,,
extent,,
exterminating,,
external,,
extract,,
extracted,,
extraction,,
extreme,,
extremely,,
extremity,,
eye,x,
eye-pain,x,
eye-washes,x,
eyeball,x,
eyebrow,x,
eyelash,x,
eyelid,x,
eyesight,x,
ezra,,x
f.,,
f.2v,,
face,x,
facial,x,
facilitate,,
facilitating,,
facing,,
fact,,
factor,,
facultatibus,,
faculty,,
faded,x,
faeces,x,
failing,,
faint,x,
faith,,
falling,,
falling-out,,
false,,
family,,
famine,,
famous,,
fann,,
far,,
farmer,,
fasting,x,
fat,x,
father,x,
fatḥ,,
fava,,
favourable,,
fawfal,,
faḍaʾil,,
faṣl,,
fear,x,
feature,,
featuring,,
febrium,,
feeling,,
fell,,
female,x,
fennel,x,
fenugreek,x,
fertility,x,
fever,x,
feverish,x,
few,,
ff,,
field,,
fifth,,
fig,,
figure,,
filing,,
filling,,
filtered,,
final,,
financial,,
fine,,
finger,x,
fiqrā,,
firdaws,,
fire,,
firqah,,x
first,,
fish,,
fissure,x,
fistula,,x
five,,
flask,,
flatulence,x,
flax,x,
flea,x,
flea-wort,x,
fleawort,x,
flood,x,
flooding,x,
flour,x,
flow,,
flower,x,
flu,x,
fluid,x,
flush,x,
flux,x,
focus,,
focusing,,
focussing,,
foetus,x,
fol,,
folding,,
foliation,,
folio,,
folk,,
follow,,
followed,,
following,,
follows,,
fols,,
food,x,
foodstuff,x,
fool,x,
foot,x,
for,,
force,,
forearm,x,
forehead,x,
foretelling,,
forgetfulness,x,
forgiveness,,
form,,
format,,
formation,,
formed,,
former,,
formula,,
fostering,,
found,,
foundation,,
four,,
fourth,,
fox,x,
fracture,x,
fragment,,
fragmentary,,
fragrance,,
fragrant,x,
france,,
frankincense,x,
freckle,x,
free-standing,,
frequency,,
frequent,,
fresh,,
from,,
froth,x,
frothy,x,
fruit,x,
fully,,
fumaria,,x
fume,,x
fumigant,x,
fumigating,x,
fumitory,,x
function,,
further,,
fusṭāṭ,,
fālij,,
fāʾ,,
fī,,
fī-l,,
galbanum,,
galen,x,
galenic,,
galingale,,
gall-nut,x,
gallic,,x
gallnut,x,
gallnuts,x,
gangrene,x,
gangrenous,x,
garden,,
gargle,x,
gargling,x,
garlic,x,
gas,x,
gasping,x,
gastric,x,
gastro-intestinal,x,
gaʾon,,
genealogical,x,
general,,
generally,,
generation,,
generously,,
genesis,,
gentian,,
gentle,,
geomantic,,
get,,
giddiness,x,
gigantic,x,
ginger,x,
gingivitis,x,
give,,
given,,
giving,,
gland,,
glass,,
glaucon,,
glauconem,,
glued,,
go,,
goat,x,
god,,
going,,
gold,x,
goldsmith,,
good,,
goose,x,
gordon,,
gourd,x,
gout,x,
grammar,,
grammatical,,
grape,x,
grass,x,
gratitude,,
great,,
greek,,
green,,
groin,x,
groom,x,
ground,,
growing,,
growth,x,
guidance,,
guide,,
guideline,,
gum,x,
gummifera,,x
gustatory,,x
gut,x,
gynaecological,x,
gynaecology,x,
gypsophila,,x
ha,,
ha-bavli,,
ha-kohen,,
ha-levi,,
ha-sar,,
ha-zaqen,,
habakkuk,,
had,,
hadīṯ,,
haematite,x,
haematuria,x,
haemorrhage,x,
haemorrhoid,x,
hai,,
hair,x,
hair-dye,x,
hairy,x,
hajj,,
halakhic,,
half,,
halitosis,x,
hallucination,x,
hamza,,x
hand,x,
handbook,,
handwriting,,
hanzar,,
happen,,
happiness,x,
happy,x,
hard,x,
hardened,x,
hardening,x,
harmala,,x
harmonisation,,
harmony,,
harvest,,
hat,,
hated,,
have,,
having,,
hazelnut,x,
he,,
he-ḥaver,,
head,x,
headache,x,
heading,,
heal,x,
healing,x,
health,x,
healthy,x,
heard,x,
hearing,x,
heart,x,
heat,x,
heath,x,
heating,x,
heaviness,x,
heavy,x,
hebrew,,
hectic,,
heeded,,
heel,x,
hellebore,,x
helminthicides,,x
help,,
helping,,
hematite,,x
hemicrania,,x
hemlock,x,
hemp,x,
hen,x,
henna,,
hepatic,,
her,,
herb,,
here,,
hernia,x,
herpes,x,
he…,,
hibat,,x
hiccough,x,
hiccup,x,
higher,,
hillel,,
him,,
himself,,
hip,,
hippocrates,x,
hippocratic,x,
hirsutism,,x
his,,
historical,,
hoarse,x,
hoarseness,x,
hold,,
homiletic,,x
honey,x,
honorarium,,
horehound,,
horizontal,,
horn,x,
horned,x,
hosea,,
hospital,,
hot,x,
hotness,x,
hotter,x,
house,,
how,,
however,,
human,x,
humid,x,
humidity,x,
humoral,,
humour,x,
hunger,x,
husband,,
hyacinth,x,
hyderabad,,
hydrophobia,,
hygiene,x,
hygienic,x,
hypocistis,x,
hypopyon,x,
hyssop,x,
i,,
i.e,,
i:1-2,,
i:112,,
i:123,,
i:13,,
i:14-15,,
i:17,,
i:19,,
i:23-ii:1,,
i:3,,
i:4,,
i:43-51,,
i:58,,
i:61,,
i:73,,
i:9-14,,
ibn,,
ibrahim,,
ibrahīm,,
ibrāhīm,,
iced,x,
idea,,
identified,,
identifies,,
identify,,
ie,,
if,,
ii,,
ii:137-55,,
ii:24-25,,
ii:245-247,,
ii:25-26,,
ii:51-iii:9,,
ii:57-58,,
iii,,
iii:130,,
iii:333,,
iii:342,,
iii:39,,
iii:68-71,,
ikhwān,,
il,,
ill,x,
illegible,,
illness,x,
ilā,,
imminent,,
immobility,x,
impairing,x,
importance,,
importation,,
impotence,x,
improve,,
improvement,,
improves,,
improving,,
impurity,x,
in,,
incantation,,
incense,x,
incidence,,
incipits,,x
include,,
included,,
includes,,
including,,
incomplete,,
incontinence,x,
incorporating,,
increase,,
increasing,,
incurable,x,
india,,
indian,,
indicated,,
indicating,,
indication,,
indicative,,
indigestion,x,
indigo,,
induced,,
infant,x,
infected,x,
infection,x,
infertility,x,
infestation,x,
inflamed,x,
inflammation,x,
inflammatory,x,
influence,,
informal,,
information,,
infusion,x,
ingest,x,
ingested,x,
ingestion,x,
ingredient,,
ingrowth,x,
inhalation,x,
inhibit,,
injection,,
injured,x,
injury,x,
ink,,
innate,,
inner,,
inorganic,,
inscribed,,
insertion,,
inside,,
inside-out,,
insomnia,x,
instance,,
instruction,,
instrument,,
insufflation,,x
integrating,,
intense,,
interconnectedness,,
intercourse,x,
interest,,
interlinear,,
intermediary,,
intermittent,,
internal,,
interpretation,,
interspersed,,
intervention,,
intestinal,x,
intestine,x,
into,,
intoxication,x,
introduced,,
introducing,,
introduction,,
introductory,,
invalid,,
inventory,,
inversion,,
inverted,,
invocation,,
involuntary,,
involved,,
involving,,
iraq,,
iraqi,,
iris,x,
iron,x,
irregular,,
irritates,,
irritation,,
is,,
isaac,,
isaiah,,
ischiectomy,x,
ism,,
isolated,,
israeli,,
issue,,
issued,,
isḥāq,,
it,,
italian,,
italy,,
itch,x,
itching,x,
itchy,x,
item,,
itemised,,
iteration,,
iv,,
iv:73-74,,
ivy,x,
iyāni,,
iḡlawqun,,
jacob,,
jalap,,
janier,,
jasmine,x,
jaundice,x,
jaw,,
jeremiah,,
jerusalem,,
jew,,
jewish,,
jibrīl,,
job,,
joint,,
jonathan,,
joseph,,
josiah,,
jotted,,
jotting,,
journey,,
juda,,
judaeo-arabic,,
judah,,
judging,,
juice,x,
jujube,,
julep,,
juma,,
jumayʿ,,
jumla,,
jābir,,
jāmiʿ,,
jīm,,
keeping,,
keratitis,,x
kernel,x,
khalaf,,
khalaq,,
khurasan,,
kidney,x,
killing,x,
kind,,
kirman,,
kitāb,,
klein-franke,,
kneading,,
knee,x,
know,,
knowledge,,
known,,
kohen,,
kohl,,
kohl-based,,
kufi,,
kufic,,
kufic-style,,
kāf,,
kāmil,,
kīmīyā,,
l-bahā,,
l-faḍāʾil,,
l-faṣd,,
l-maʾmūn,,
l-maḥāsin,,
l-maṭʿam,,
l-mirrah,,
l-muḥsin,,
l-muḥāsin,,
l-qasam,,
l-qāsim,,
l-riḍāʾ,,
l-yaraqān,,
l-ʿazz,,
l-ḥasan,,
l-ḵayr,,
l-ṭibb,,
l-ṭāhir,,
l.,,
l.3,,
la,,
labour,,
laceration,x,
lachrymal,x,
lachrymation,x,
lack,,
lacrimation,x,
lacuna,,
ladaniferus,x,
ladino,,
lambdoid,,
lamella,x,
laminated,,
lancet,x,
lancing,x,
land,,
language,,
lapis,,x
lard,x,
large,,
largely,,
larger,,
last,,
lasting,,
lat,,
late,,
later,,
latin,,
laughing,x,
laurel,x,
lavandula,,x
lavender,x,
law,,
laxative,x,
layer,,
layout,,
lazuli,x,
le,,
lead,x,
leader,,
leadership,,
leading,,
leaf,,
learned,,
learning,,
lease,,
leased,,
leaving,,
ledger,,
leech,x,
leek,x,
leek-water,x,
left,,
left-hand,x,
leg,x,
legal,,
legible,,
legibly,,
leiden,,
lemma,,
lemon,x,
lemongrass,x,
length,,
lengthy,,
lens,x,
lentil,x,
lentisk,,x
leper,x,
leproid,,
leprosy,x,
lesser,,
let,x,
lethal,,
lethargy,x,
letter,,
lettered,,
letting,,
lettuce,x,
leucoderma,x,
leucoma,x,
leukoderma,x,
levantine,,x
leviticus,,
lexicon,,
li-mufradāt,,
library,,
lichen,x,
licorice,x,
lienteric,,x
lientery,,x
life,x,
light,,
lightheadedness,x,
like,,
likely,,
lil-isrāʾīlī,,
lily,x,
limb,x,
lime,x,
limpness,x,
lincti,,x
linctus,,x
line,,
linked,,
linseed,x,
lion,x,
lip,,
lippitude,,x
liquid,,
liquorice,x,
list,,
listed,,
listing,,
lisān,,
literary,,
litharge,,x
litre,,
little,,
liturgical,,x
liver,x,
lobe,x,
local,,
locally,,
location,,
locis,,x
loeb,,x
logic,,
long,,
long-lasting,,
long-sightedness,x,
longer,,
loose,,
looseness,,
lord,,
lore,,
loss,,
lost,,
lotion,x,
lotus,x,
loudly,,
louse,x,
love,,
lower,,
lowering,,
lozenge,x,
lumbar,x,
lung,x,
lupine,,x
lutum,,x
lycium,,x
lymph,x,
lām,,
lūqā,,
m.,,
mace,x,
maculatum,,
madder,,x
made,,
madness,x,
magical,x,
magico-medical,x,
magnesium,x,
mahaleb,,x
maiden,,
maiming,,
maimonides,,
main,,
mainly,,
majority,,
make,,
making,,
malar,,
male,,
mallow,x,
mamluk,,
man,,
manage,,
management,,
manasseh,,x
mandrake,x,
mangalore,,x
mania,x,
manna,,x
manuscript,,
many,,
manṣūr,,
maqāla,,
maqālah,,
marble,x,
marcasite,,x
margin,,
marginal,,
marginalia,,
marjoram,x,
marked,,
market,,
marketplace,,
marriage,,
marrow,x,
marrubium,,x
marsh,,
marsh-mallow,x,
marshmallow,x,
masora,,
massage,x,
massaging,x,
master,,
mastic,x,
masṭara,,x
mater,,
materia,,
material,,
matter,,
maturation,,
may,,
mazidat,,
maʿālī,,
mean,,
meaning,,
measles,,
measure,,
measurement,,
meat,x,
meat-based,x,
mechanical,,
medendi,,x
medial,,
medica,x,
medical,x,
medical-pharmaceutical,x,
medicament,x,
medicated,x,
medication,x,
medicinal,x,
medicine,x,
medico-astrological,x,
medico-cosmetic,x,
medico-magical,x,
medico-mystical,x,
medico-philosophical,x,
meeting,,
megillat,,
mehleb,x,
meir,,
melaena,x,
melancholia,x,
melancholic,x,
melancholy,x,
melilot,x,
melissa,,
melitot,x,
melon,x,
member,,
membrane,x,
memorandum,,
memorial,,
memory,,
menaḥem,,x
meninges,,x
meningitis,x,
menorrhea,x,
menstrual,x,
menstruation,x,
mental,x,
mentha,x,
mention,,
mentioned,,
mentioning,,
merchant,,
mercury,x,
messenger,,
metal,x,
metel,,x
method,,
methodo,,
metodo,,x
mevoraḵ,,x
meyerhof,,x
mezereum,,x
meʾir,,
mid,,
might,,
migraine,x,
migrane,x,
milk,x,
millet,x,
mimosa,x,
min,,
mind,x,
mineral,x,
minium,,x
minority,,
mint,x,
mint-water,x,
minute,,
minyat,x,
miscarriage,x,
miscellaneous,,
mishnaic,,
missing,,
miswāk,x,
mixed,,
mixture,,
miyrobalan,,x
mišna,,x
moderation,,
modern,,
moist,,
moistening,,
moisture,,
moisturising,,
moment,,
month,,
monthly,,
moon,x,
more,,
moses,,
most,,
mostly,,
mother,x,
mother-to-be,x,
motion,,
mountain,,
mouse,x,
mouth,x,
move,,
movement,,
mubāraka,,x
much,,
mucilaginous,x,
mucus,x,
mufarriḥ,,x
mufaḍḍal,,x
mulberry,x,
mumie,,x
mung,,x
muntner,,x
muscle,x,
muscular,x,
mushroom,x,
musk,x,
mustard,x,
mutibb,,x
mutilated,x,
muḥammad,,
muḥtasib,,
muḵtār,,
muẓaffar,,
myristica,x,
myrobalan,x,
myrrh,x,
myrtle,x,
myrtle-water,x,
mystical,x,
müntner,,x
māsarjawayh,,
māsawayh,,
mīm,,
mūsā,,
n,,
nabatean,,
nagid,,
nail,,
najā,x,
name,,
narcissus,x,
nard,x,
narrative,,
narrowing,x,
nasal,x,
natan,,
nathan,,
natron,x,
natural,,
nature,,
nausea,x,
naša,,
naḥūm,,
naṣr,,
necessity,,
neck,x,
necrotic,x,
need,,
neglected,,
nenuphar,,x
neoplasm,x,
nephew,,
nerve,x,
nervous,x,
nestorian,,x
new,,
new-born,x,
newborn,x,
nickname,,
nicolaus,,
nidda,,
night,,
nightmare,x,
nightshade,x,
nigra,,
nile,,
nilotica,x,
nine,,
ninth,,
nipple,x,
nisan,,x
nitrate,x,
nitre,,x
no,,
no.156,,
node,,
noise,,
non-medical,,
non-natural,,
non-naturals,,
non-temperamental,,
normal,,
northern,,
northwest,,
nose,x,
nosebleed,x,
not,,
note,,
notebook,,
noting,,
noureddine,,x
nourishment,x,
now,,
number,,
numbered,,
numbing,x,
numbness,x,
numeral,,
numerous,,
nut,x,
nutmeg,x,
nutrient,x,
nutrition,x,
nutritional,x,
nāfiʿ,,x
nūn,,x
o,,
oak,x,
object,,
obscured,,
observation,,
obstetrics,,
obstruction,x,
obstructive,x,
obtained,,
obviously,,
occasionally,,
occlusion,x,
occur,,
occurrence,,
october,,
oculist,,x
of,,
off,,
offer,,
offered,,
offering,,
office,,
official,,
officiale,,
often,,
oil,x,
oily,x,
ointment,x,
old,,
oleracea-water,x,
oligospermia,,x
olive,x,
on,,
once,,
one,,
one-sided,,
onion,x,
only,,
onqelos,,x
onset,,
open,,
opening,,
operation,,
ophthalmia,x,
ophthalmological,x,
ophthalmology,x,
opinion,,
opium,,
opopanax,,x
opposite,,
oppressive,,
opthalmology,x,
optic,x,
optical,x,
optician,x,
or,,
oral,x,
orally,x,
orange,x,
orbital,,
order,,
oregano,x,
organ,x,
organic,,
organised,,
orgasm,x,
oribasius,,
oriental,,
origan,x,
origanum,x,
origin,,
original,,
originally,,
other,,
others,,
otherwise,,
ottoman,,
ounce,,
our,,
out,,
outer,,
outside,,
oven,,
over,,
over-eat,x,
overlapping,,
overnight,,
overseer,,
overweight,x,
overwork,x,
own,,
owned,,
owner,,
ownership,,
ox,,
oxide,x,
oxymel,,x
p.,,
p.1,,
p1,,
p10,,
p11,,
p12,,
p13,,
p14,,
p14-17,,
p18,,
p19,,
p2,,
p20,,
p21,,
p22,,
p23,,
p24,,
p25,,
p26,,
p27,,
p28,,
p29,,
p3,,
p30,,
p31,,
p33,,
p33-33,,
p34,,
p35,,
p36,,
p37,,
p38,,
p39,,
p4,,
p40,,
p41,,
p42,,
p43,,
p44,,
p45,,
p46,,
p49,,
p5,,
p51,,
p52,,
p54,,
p56,,
p59,,
p6,,
p60,,
p67,,
p69,,
p7,,
p71,,
p72,,
p73,,
p78,,
p8,,
p9,,
paediatrics,x,
page,,
pain,x,
painful,x,
paired,,
palermo,,
palestinian,,
palimpsest,,
palm,x,
palmatum,,x
palpebral,,x
palpitation,x,
palsy,x,
panacea,x,
pannus,,x
pantegni,,x
paper,,
paradise,,
paragraph,,
parallel,,
paralysed,x,
paralysis,x,
parasite,x,
parchment,,
parent,,
paresis,,
parsley,x,
part,,
partial,,
partially,,
particular,,
particularly,,
partly,,
party,,
parva,,x
pass,,
passage,,
passing,,
paste,,
pastille,,
path,,
pathological,x,
pathology,x,
patient,x,
pattern,,
pay,,
peach,x,
peanut,x,
pear,x,
pearl,x,
peel,x,
peganum,,x
pellitory,,x
pen,,
pen-trials,,
penetrating,x,
penile,x,
penis,x,
pentagram,x,
pentateuch,,x
peony,x,
people,,
pepper,x,
perforation,x,
performing,,
perfume,x,
perfumer,x,
perfumer/the,x,
perhaps,,
period,,
periodicity,,
perish,x,
perplexed,,
persia,,
persian,,
person,,
personal,,
pertaining,,
peruse,,
pessary,x,
pestilence,,
pestilential,x,
petition,,
petroselinum,x,
phalanx,,x
pharmaceutical,x,
pharmacist,x,
pharmacist/perfumer,x,
pharmacological,x,
pharmacology,x,
pharmacopeia,x,
pharmacopoeia,x,
pharmacopoeial,x,
pharmacopoeic,x,
pharmacopoiea,x,
phase,,
philosopher,,
philosophical,,
philosophical-ethical,,
philosophical-theological,,
philosophorum,x,
philosophy,,
phlebotomy,x,
phlegm,x,
phlegmatic,x,
phrase,,
phthisic,x,
phthisis,x,
physical,,
physically,,
physician,x,
physiognomy,,x
physiological,,x
physiology,x,
pia,,x
pickling,x,
piece,,
pig,x,
pigeon,x,
pile,x,
pill,x,
pine,x,
pinḥas,,x
pious,,
piperita,,x
pistachio,x,
pith,x,
piyyuṭ,,x
piyyuṭim,,x
place,,
plague,x,
planet,,
plant,x,
plantago,,x
plantain,x,
plantis,,x
plaster,x,
plato,,
play,,
pleasure,x,
plegia,x,
pleurisy,x,
plotinus,,
plum,x,
plus,,
pneuma,x,
pneumata,x,
pneumonia,x,
poem,,
poetic,,
poetical,,
point,,
poison,x,
poisoning,x,
poisonous,x,
polite,,
polypody,x,
pomegranate,x,
poor,,
poppy,x,
popular,,
population,,
pore,x,
port,,
portion,x,
portulaca,x,
position,,
positioning,,
possible,,
possibly,,
post-medieval,,
pot,,
potash,x,
potassium,x,
potential,,
potion,x,
poultice,x,
pound,,
powder,x,
powdered,x,
power,x,
pp,,
pp.111-116,,
pp.139-140,,
pp.17,,
practical,,
practice,,
practiced,,
practising,,
practitioner,,
praise,,
praised,,
praising,,
prayer-book,,
preceded,,
precipitate,,
prediction,,
preferred,,
pregnancy,x,
pregnant,x,
premature,x,
preparation,x,
preparatory,x,
prepare,x,
prepared,x,
preparing,x,
prescribed,x,
prescribes,x,
prescribing,x,
prescription,x,
presence,,
present,,
presented,,
presenting,,
preservation,,
preserve,,
preserved,,
preserving,,
pressure,x,
prestigious,,
presumably,,
prevalence,,
prevalent,,
prevent,x,
previous,,
priapism,x,
price,,
principle,,
private,,
probably,,
problem,,
problematic,,
procedure,,
process,,
processing,,
procreating,,
produce,,
produced,,
producing,,
product,,
production,,
profession,,
prognosis,x,
prognostication,,
progress,,
progressive,,
progressively,,
prolapse,x,
promise,,
pronounced,,
properly,,
property,,
prophet,,
protect,,
protecting,,
protection,,
protective,,
protracted,,
protrusion,,
protuberance,x,
protusion,x,
proverb,,
provide,,
provided,,
provides,,
providing,,
provision,,
prune,x,
prunus,x,
psalm,,
pseudo-aristotle,,
psoralea,x,
psychical,x,
psychological,,
psyllium,x,
pterygium,x,
pu,,
pubic,,
public,,
puffiness,x,
pulmonary,x,
pulp,x,
pulse,x,
pulverisation,x,
pumpkin,x,
punctuation,x,
pupil,,
purchase,,
pure,,
purgation,x,
purgative,x,
purge,x,
purification,x,
purifying,x,
purity,x,
purpose,,
purslane,x,
pustule,x,
putrefaction,x,
putrid,x,
pyrethra,x,
qadi,,
qalyūb,,
qanun,,
qašīšāt,,
qualitative,,
quality,,
quantification,,
quantity,,
quartan,,
quarter,,
quasi-medical,,
quenching,,
question,,
quick,,
quicker,,
quince,x,
quintessence,,
quotation,,
quote,,
quoted,,
quoting,,
qur,,
quranic,,
qurra,,
qusṭā,,
quwwa,,
quwā,,
qāf,,
qāqulla,,
qāḍī,,
qūruliyus,,
rabbanite,,
rabbinical,,
rabbit,x,
rabid,x,
radish,x,
rahiṭ,,
rainfall,,
raisin,x,
rash,x,
rasūl,,
rat,x,
rational,,
rayyãn,,
rayyān,,
rašīd,,
raṣṣāṣī,,
raṭls,,
reach,,
reaction,,
read,,
readable,,
reading,,
reason,,
reassure,,
rebalancing,,
recent,,
recipe,,
recipient,,
reciprocal,,
recommeding,,
recommended,,
recommending,,
recommends,,
record,,
recovering,,
recovery,,
recto,,
rectum,,
recurring,,
recursion,,
red,x,
redness,x,
reduce,x,
refer,,
reference,,
referred,,
referring,,
refers,,
refreshing,,
regalis,x,
regard,,
regarding,,
regardless,,
regimen,x,
region,,
rehydrate,x,
reinforcing,,
relate,,
related,,
relating,,
relation,,
relationship,,
relative,,
relaxed,x,
release,x,
reliable,,
relief,x,
relieve,x,
relieving,x,
religious,,
remains,,
remark,,
remedy,x,
remnant,,
removal,,
remove,,
removing,,
repayment,,
repeated,,
repeatedly,,
repetition,,
reply,,
report,,
reported,,
reporting,,
representative,,
reproduction,x,
reproductive,x,
reptile,x,
repulsive,,
request,,
requesting,,
required,,
requires,,
requiring,,
resemblance,,
resembles,,
resembling,,
reserve,,
reside,,
resident,,
resides,,
residing,,
residual,,
residue,,
resin,x,
resolving,,
respectively,,
respiration,x,
respiratory,x,
responsum,,
rest,x,
restoring,x,
result,,
resulting,,
retention,,
retentive,,
retina,x,
return,,
reuse,,
reused,,
reverts,,
rewritten,,
rheum,x,
rhubarb,x,
rhyme,,
ribes,x,
rice,x,
richly,,
right,,
right-hand,,
rigor,x,
rikāb,,
rind,,
ringworm,x,
rinsing,,
rise,,
rising,,
risk,,
risāla,,
riḍwān,,
road,,
roasted,x,
rob,,
robs,,
rock,,
role,,
rom,,
roman,,
romance,,
root,x,
rose,x,
rose-syrup,x,
rose-water,x,
rosewater,x,
rotting,x,
rotulus,,
rotunda,,
roughly,,
roughness,x,
row,,
rubbed,x,
rubbing,x,
rubricated,,
rubrication,,
ruby,x,
rue,,
rufus,,
rule,,
ruled,,
ruling,,
run,,
rush,,
ruth,,
rušd,,
rāmik,,
rāwand,,
rāʾ,,
rīḍā,,
rūfus,,
s,,
sa,,
sabbath,,
safarjal,x,
safe,,
safflower,x,
saffron,x,
safīq,,
sagapenum,x,
sage,x,
sahl,,
said,,
sal,x,
sal-ammoniac,x,
saline,x,
salivation,,
salix,x,
salpeter,x,
salt,x,
salty,x,
salīm,,
sama,,
same,,
samuel,,
sanbāṭ,,
sand,,
sandal,,
sandalwood,x,
sanitatis,x,
sapagenum,,
saphenous,x,
sapientiae,,
saponous,,
sarcocolla,x,
sarcocolnla,x,
sardine,x,
sarsam,,
satanic,,
saying,,
saʿadya,,
saʿīd,,
sbath,,
scab,x,
scabies,x,
scale,x,
scalp,x,
scammonia,x,
scammony,x,
scamony,x,
scented,,
scheme,,
sciatic,x,
sciatica,x,
science,,
sclera,x,
scolopendra,x,
scoria,x,
scorpio,,
scorpion,x,
scraping,x,
scribal,,
scribe,,
script,,
scrofula,,
sea,,
sealing,,
season,,
seasonal,,
sebesten,x,
secacul,x,
second,,
secret,,
section,,
secular,,
security,,
sedentary,,
sediment,,
see,,
seed,,
seem,,
seemingly,,
seems,,
seen,,
sefer,,
segulot,,
seleucid,,
self,,
semen,x,
semi-kufic,,
seminal,,
semolina,x,
senna,x,
sens,,
sensation,,
sense,,
sent,,
sentence,,
separate,,
separated,,
sepiolite,x,
sepsis,x,
septic,x,
seraphiel,,
serapion,,
series,,
serious,,
serpolet,,
served,,
sesame,x,
seseli,x,
setting,,
settling,,
several,,
severe,,
sewing,,
sex,x,
sexual,x,
shaking,x,
shape,,
sharpening,,
sharpens,,
shaving,x,
she,,
sheet,,
sheikh,,
shivering,x,
shop,,
shopping,,
short,,
shortage,,
shortened,,
shortly,,
shortsightedness,x,
should,,
shoulder,,
show,,
showing,,
shown,,
shuʿyā,,
shīn,x,
sick,x,
sickness,x,
side,x,
sieving,,
sight,x,
sigillata,x,
sign,,
signature,,
signed,,
sihāb,,
silicate,x,
silk,x,
silver,x,
similar,,
simple,,
sina,,x
since,,
single,,
sinned,,
sinus,x,
sirr,,
sister,,
six,,
sixth,,
skilful,,
skin,x,
skull,x,
sky,,
slavery,,
sleep,x,
sleeping,x,
sleeplessness,x,
slow,,
small,,
small-format,,
smallpox,x,
snail,x,
snake,x,
snakeskin,x,
sneezing,x,
snow,x,
snuff,x,
so,,
soaked,x,
soaking,x,
soap,x,
society,,
socotrine,,
soda,x,
sodom,,
soft,,
soil,,
solanum,x,
solid,,
solomon,,
solution,,
some,,
somebody,,
someone,,
sometimes,,
somewhat,,
son,,
song,,
soporific,x,
soqotra,,
soranus,,
sore,,
sore-throat,,
sorrel,x,
sort,,
soul,,
soul-cheerer,,
soup,x,
sour,x,
source,,
southern,,
spacing,,
span,,
spanish,,
spare,,
spared,,
spasm,x,
specified,,
spelling,,
spelt,x,
sperm,x,
spermatorrhea,x,
spice,x,
spikenard,x,
spinach,x,
spinal,x,
spirit,,
spiritually,,
spleen,x,
splenic,x,
splitting,x,
spoon,,
square,,
squash,x,
squill,x,
squint,x,
squinting,x,
st,,
stachys,x,
stag,x,
stagnation,x,
stalk,x,
star,x,
starch,x,
starting,,
state,,
statement,,
stating,,
status,,
stephanus,,
stern,,
stick,,
sticky,x,
stimulant,x,
stimulate,x,
stimulating,x,
stimulus,x,
sting,x,
stoecha,x,
stoechas,x,
stomach,x,
stomach-and,,
stone,,
stoneless,,
stool,x,
stopped,,
stopping,,
storax,x,
store,,
story,,
strength,x,
strengthen,x,
strengthening,x,
stress,x,
strictly,,
strip,,
stroke,,
strong,,
strongly,,
structure,,
struthium,x,
stuck,,
study,,
stye,x,
style,,
styrax,,
sub-chapters,,
subject,,
sublimated,x,
subsequently,,
substance,,
successful,,
successively,,
such,,
sudden,,
suffer,x,
suffering,x,
sufficient,,
suffocation,x,
sufi,,
sugar,x,
suggested,,
suggesting,,
suggestion,,
suggests,,
sukkot,,
sulaymān,,
sulfur,x,
sulphur,x,
sultan,,
sulṭān,,
sumac,x,
summer,,
sun,,
sunset,,
superficial,,
superfluous,,
supernatural,,
supply,,
supportive,,
suppository,x,
suppurating,x,
suppuration,x,
surface,,
surgery,,
surgical,,
surrounding,,
survive,,
surūr,,
susceptible,,
suture,x,
swallowwort,x,
sweat,x,
sweating,x,
sweet,,
swelling,x,
switch,,
swollen,x,
sword,,
symbol,,
symptom,,
synochus,x,
synopsis,,
syria,,
syriac,,
syrian,,
syro-palestinian,,
syrup,x,
system,,
sābūr,,
sīdī,,
sīnā,,
sūmāq,x,
t-s,,
table,,
tablet,x,
tachycardia,x,
tail,x,
tailed,,
tainted,x,
take,,
taken,,
taking,,
talc,x,
talk,,
talking,,
talmud,,
tamarind,x,
tamarisk,x,
tamarix,x,
tammām,,
tamīm,,
taqdimat,,
tar,x,
targum,x,
tartar,x,
tartarate,x,
taste,,
taught,,
tax,,
taʿallum,,
taḏkhirat,,
taḏkirat,,
tear,,
technique,,
technological,,
teeth,x,
temperament,,
temperamental,,
temperature,,
tempered,,
temple,x,
temporary,,
ten,,
tendon,x,
tenia,x,
tension,x,
tenth,,
tepid,x,
terebinth,x,
term,,
terminology,,
terra,,
tertian,x,
test,,
testicle,x,
testis,x,
tetanus,x,
tetany,x,
tetragrammaton,,
tetter,x,
text,,
textile,,
texture,,
than,,
thanks,,
that,,
the,,
their,,
them,,
theme,,
themselves,,
then,,
theoretical,,
theory,,
therapeutic,x,
therapeutical,x,
there,,
theriac,x,
theriacs,x,
these,,
they,,
thick,,
thickening,,
thief,,
thin,,
thing,,
third,,
thirst,x,
thirstiness,x,
thirteen,,
this,,
thistle,x,
thoracic,x,
those,,
though,,
thought,,
thread,,
threatening,,
three,,
throat,,
throbbing,x,
through,,
thus,,
thyme,x,
tibbon,,
tiberian,,
tiberias,,
tighten,x,
time,,
tin,x,
tinea,x,
tinnitus,x,
tiny,,
tiredness,x,
tissue,x,
title,,
titled,,
tišrīn,,
to,,
toe,x,
together,,
tone,,
tongue,x,
tonic,x,
tonsil,x,
too,,
tooth,x,
toothache,x,
toothbrush,x,
toothpaste,x,
top,,
topic,,
topical,x,
topically,x,
torn,,
torpedo,,
torpor,x,
tortuosom,x,
touch,,
touched,,
touching,,
towards,,
town,,
toxicological,x,
toxicology,x,
trace,,
trachea,x,
trachoma,x,
tract,x,
tractates,,
trade,,
trader,,
tragacanth,x,
trait,,
transcription,,
translated,,
translation,,
transliteration,,
transmitted,,
transversally,,
transversely,,
travel,,
traveler,,
travelled,,
traveller,,
travelling,,
treat,,x
treated,,x
treating,,x
treatise,,
treatment,,x
tree,x,
trembling,x,
trial,,
triangle,,
trichiasis,x,
trip,,
tuberculosis,x,
turbulent,,
turmeric,x,
turn,,
turpentine,x,
turpeth,x,
tutty,,
twelve,,
twelve-line,,
twice,,
twitch,,
two,,
type,,
typical,,
tyre,,
u-refuʾot,,
ulcer,x,
ulcerated,x,
ulceration,x,
umbilical,x,
unbalance,x,
unbalanced,x,
unblocking,x,
uncertain,,
undated,,
under,,
undergo,,
underweight,x,
uneasy,x,
unexpected,,
unfavourable,,
unfinished,,
unidentified,,
unique,,
unknown,,
unnatural,,
unorthodox,,
unquenched,x,
unreadable,,
unrelated,,
unripe,x,
unspecified,,
untidily,,
untrained,,
untreated,x,
unusually,,
unwanted,,
up,,
upon,,
upper,,
uptake,,
urens,x,
urinal,x,
urinary,x,
urinating,x,
urination,x,
urine,x,
urjūza,,
urticaria,x,
us,,
use,,
used,,
useful,,
usefulness,,
using,,
usually,,
uterus,x,
utilising,,
utility,,
utrica,x,
uvula,x,
uṣaybiʿa,,
v,,
v:1-2,,
v:1-5,,
v:23-41,,
v:41-54,,
v:46-49,,
v:59-61,,
v:60-62,,
v:64-65,,
v:70-vi:1,,
vagina,x,
vaginal,x,
vaguely,,
valerian,,
value,,
vapour,,
variation,,
varicose,x,
variety,,
various,,
vegetable,x,
vein,x,
vellum,,
vena,,
venetian,,
venom,x,
venous,x,
ventricle,x,
verdigris,x,
verjuice,x,
vermin,x,
verse,,
version,,
verso,,
vertebra,x,
vertebral,x,
vertigo,x,
very,,
vessel,x,
vetch,x,
vi,,
vi:38-39,,
vii,,
vii:13-17,,
vine,x,
vinegar,x,
violet,x,
viper,x,
virtue,,
visible,,
vision,x,
visit,,
visited,,
visual,,
vita,,
vital,,
vitiginea,x,
vitiligo,x,
vitriol,,
vocabulary,,
vocalisation,,
vocalised,,
voice,,
vol,,
vomit,x,
vomiting,x,
vowel,,
vulgare,x,
vulva,x,
wa,,
wa-al-mašrab,,
wa-anwāʿihi,,
wa-asbābihi,,
wa-aḵar,,
wa-qūt,,
wa-ʿilājihi,,
wa-ʿilālihi,,
wage,,
walnut,x,
waqf,,
war,,
warm,,
warning,,
wart,x,
wash,,
washed,,
washing,,
wasp,x,
wasting,x,
waswās,,
water,x,
watercress,x,
watering,x,
watermelon,x,
waterproof,,
watery,x,
wax,x,
way,,
weak,x,
weakening,x,
weakness,x,
wealth,,
weather,,
weeping,x,
weight,x,
well,,
well-water,,
wellbeing,x,
were,,
west,,
wet,,
what,,
wheat,x,
wheat-water,x,
when,,
where,,
whereas,,
whether,,
which,,
while,,
white,,
whitening,,
who,,
whom,,
whose,,
why,,
wide,,
widely-spaced,,
wife,,
wild,,
will,,
willow,x,
wind,,
wine,x,
winter,,
wisdom,,
wise,,
with,,
within,,
without,,
witness,,
witnessed,,
wolf,x,
woman,,
womb,x,
wood,x,
woollen,,
word,,
work,,
worked,,
working,,
world,,
worm,x,
wormed,x,
wormholed,x,
wormwood,x,
worsening,x,
would,,
wound,x,
wrapped,,
wrist,,
writer,,
writes,,
writing,,
writing-exercises,,
writing-implement,,
written,,
wrote,,
wth,,
wuqqiyya,,
x,,
y.,,
yaftūḥ,,
year,,
yefet,,
yellow,x,
yemenite,,
yeḥiʾel,,
yijū,,
yolk,x,
you,,
yūnānī,,
yūsuf,,
yūḥanna,,
yūḥannā,,
zakariyya,,
zanthoxylum,x,
zatar,x,
zaydān,,
zifta,,
zikrī,,
zinc,x,
zodiac,,
zuhr,,
zukrī,,
zuḥr,,
zād,,
zāʾ,,
āmid,,
ān,,
īd,,
īsā,,
šabbatay,,
šabbetay,,
šahāda,,
šamṭūniyya,,
šarbīn,,
šaykh,,
šemarya,,
ševile,,
šurūr,,
šuʿyā,x,
šāh,,
ūdī,,
ʾalī,,
ʾaṣnāf,,
ʾuyūn,,
ʿ,,
ʿabbās,,
ʿabd,,
ʿabdallāh,,
ʿabrāz,,
ʿafīf,,
ʿali,,
ʿalī,,
ʿammār,,
ʿamram,,
ʿawārif,,
ʿayn,,
ʿaḍūḍī,,
ʿeli,,
ʿimrān,,
ʿinab,,
ʿisa,,
ʿumar,,
ʿuṯmān,,
ʿīsā,,
πεπονθότων,,
περὶ,,
τόπων,,
τῶν,,
אבוקרט,,
אביצינה,,
אבק,,
אוילים,,
איפוקרט,,
אל,,
אלאואיל,,
אלאורינץ,,
אלבוקשין,,
אלחמאיאת,,
אלערוק,,
אלשריאנאת,,
אמר,,
אסחק,,
אסראילי,,
אצטומכה,,
אקאויל,,
אתה,,
א‫,,
א‬,,
בגמעה,,
בן,,
גדמות,,
גומה,,
גחי,,
גלינוס,,
ד‫,,
הרופא,,
ובתים,,
ויקרא,,
ורפועתו/ורפואתה,,
ותאליפה,,
ז,,
זעם,,
ח,,
חקק,,
טארטיר,,
ט‫,,
יבן,,
יוני,,
יחי,,
י‫,,
כ,,
כל,,
כתאב,,
כ‬,,
לעז,,
מבטן,,
מגמוע,,
מזידת,,
ממא,,
מן,,
מעלול,,
נפץ,,
סולימאן,,
סף,,
עני,,
פי,,
פרנא,,
צור,,
קדשך,,
ראובן,,
שטר,,
שמן,,
الاكسير,,
للنساءالمشعرات,,
ḍiāʾ,,
ḍād,,
ḡazaliyya,,
ḥalfon,,
ḥasan,,
ḥaẓiyya,,
ḥibr,,
ḥillel,,
ḥinṭa,,
ḥubayš,,
ḥunayn,,
ḥā,,
ḥāʾ,,
ḥīlat,,
ḵafaqān,,
ḵalaf,,
ḵalq,,
ḵalīd,,
ṣadoq,,
ṣaliḵ,,
ṣamḡ,,
ṣaḥāḥ,,
ṣifa,,
ṣināʿat,,
ṣād,,
ṣāḍ,,
ṭabaqāt,,
ṭīn,,
ṯābit,,
–,,
‘,,
’,,
“,,
”,,
…,,
‬,,
